profile_url	Hospital name	Address	Contact number	Website address	E-mail address	Mobile phone	Hospital nameGeographic Reference	E-mail addressEmail & Messaging	Fax
https://www.yelu.in/company/956694/apollomedics-super-speciality-hospitals	Apollomedics Super Speciality Hospitals	"Kanpur - Lucknow Rd, Sector B, Bargawan, LDA Colony, Lucknow , Uttar Pradesh 226012, India View Map Get Directions"	8429021960	lucknow.apollohospitals.com/	Send Enquiry				
https://www.yelu.in/company/949822/navin-hospitals	Navin hospitals	"NH-3 , POCKET – F , ALPHA 2 , GREATER NOIDA , UTTAR PRADESH (INDIA) 201308"	0120-2321050/40 +919999623102	www.navinhospitals.com	Send Enquiry	8860857401			
https://www.yelu.in/company/956733/dental-for-all	Dental For All	"B1/33, opposite सीसीडी Janakpuri, New Delhi , Delhi, 110058, India"	+91 96677 88368	drsahilbedi.getmy.clinic/	Send Enquiry				
https://www.yelu.in/company/956866/dr-t-b-patel	Dr. T B Patel	"Aims Hospital, Aravlli, Bypass Road, Khalik Pur , Modasa , Gujarat, 383315, India"	9.18733E+11	drtbpatel.getmy.clinic	Send Enquiry				
https://www.yelu.in/company/957022/dr-rajiv-sharma-ms-hospital	Dr. Rajiv Sharma M.S Hospital 	"Subhash Nagar, Near Dhobi Ghat, Old Railway Rd, Sector 8, Gurugram, Haryana 122001, Gurgaon , India"	9.19811E+11	drrajivsharma9222.getmy.clinic/			Dr. Rajiv Sharma M.S Hospital	Send Enquiry	
https://www.yelu.in/company/956785/dr-sankalp-arya	Dr. Sankalp Arya	"GF2, Plot No. 279, Indirapuram, Niti Khand 2,  , Ghaziabad , Uttar Pradesh, 201014, India"	+91 9953263387	drsankalparya.getmy.clinic	Send Enquiry				
https://www.yelu.in/company/956781/phoenix-physiotherapy-and-rehabilitation-centre	Phoenix physiotherapy and rehabilitation centre	"7/3, gulmohar road, shipra sun city, Vaibhav khand, indirapuram,  , Ghaziabad , Uttar Pradesh, 201014, India"	+91 78276 67389	drsudiksha.getmy.clinic	Send Enquiry				
https://www.yelu.in/company/956926/priyadarshni-skin-clinic	Priyadarshni Skin Clinic	"A1, A2 Block A, Dilshad Garden, Delhi, Delhi, 110095, New Delhi , India"	9.19502E+11	drsmitapriyadarshni.getmy.clinic/	Send Enquiry				
https://www.yelu.in/company/956722/khandelwal-dentalskin-clinic	khandelwal Dental & skin Clinic	"51/1-3 New Market Nr Liberty Cinema Circle , Karol Bagh New Delhi ,,  , New Delhi , , 110005, India"	9.19555E+11	drnikitagupta42616.getmy.clinic/	Send Enquiry				
https://www.yelu.in/company/956723/dr-smriti-attam-reproductive-medicine-specialist	Dr. Smriti Attam- Reproductive Medicine Specialist	"Center For Assisted Conception, House No. 19, Bhera Enclave , New Delhi , Delhi, 110087, India"	9.28922E+11	drsmritiattam.getmy.clinic/	Send Enquiry				
https://www.yelu.in/company/956725/vighnaharta-dental-clinic	Vighnaharta dental clinic	"Shop no 1, maruti tower, plot no.09 Sector 5, post office near, Navi Mumbai , Maharashtra, 410206, India"	+9177382 77311	draniketankushaware.getmy.clinic	Send Enquiry				
https://www.yelu.in/company/290779/nova-hospital	Nova Hospital	"Vikas Khand, 1, Ptrkrpurm Crssg, Gomti Nagar, Lucknow , Uttar Pradesh, India"	0522 - 2300025 +91	www.novahospital.co.in/department-of-orthopaedics-surgery-joint-replacement/	Send Enquiry				
https://www.yelu.in/company/942802/ludhiana-dental-centre	Ludhiana Dental Centre	"1-F, Shaheed Bhagat Singh Nagar, Pakhowal Road, Ludhiana , Punjab, India View Map Get Directions"	9803200800	www.ludhianadentalcentre.com/	Send Enquiry	9803200800			
https://www.yelu.in/company/229355/brain-care-hospitalstroke-centre	Brain Care Hospital & Stroke Centre	"M S Rd, Nagercoil , Tamil Nadu, India"	9.19266E+11	braincarehospital.in/	Send Enquiry		Brain Care Hospital & Stroke Centre		
https://www.yelu.in/company/955717/dr-aroras-clinic	Dr. Arora's Clinic	"4075, Sector 68 Airport Road, Mohali , Punjab, India View Map Get Directions"	9781078210	www.draroras.com	Send Enquiry	9357738797			
https://www.yelu.in/company/963946/elite-hospital	Elite Hospital	"Gamara Capital, 301-311, Safal Parisar Rd, opp. SAMANVAY RESIDENCY, behind Auda Garden, South Bopal, Bopal, Ahmedabad , Gujarat 380058, India View Map Get Directions"	+91 98246 23823	elitehospital.in/	Send Enquiry				
https://www.yelu.in/company/950791/magnacode	Magnacode	"D-4, Rd Number 9, Durga Bhawani Nagar, MLA Colony, Film Nagar, Hyderabad , Telangana 500033, Andhra Pradesh, India"	9966929276	www.magnacode.co.in/best-endocrinologist-in-hyderabad	Send Enquiry	9966929276			
https://www.yelu.in/company/939761/irene-ivf-center	Irene ivf center	"A-1/18, Chaudhary Jhandu Singh marg ,Safdarjung Enclave New Delhi , India, Haryana"	1141551917	ireneivfcenter.com/	Send Enquiry	9810840455			
https://www.yelu.in/company/935669/cancer-healer-center	Cancer Healer Center	"D-842, New Friend´s Colony, Behind Surya Crowne Plaza Hotel, New Delhi , India View Map Get Directions"	-9810006173	www.cancerhealercenter.com/	Send Enquiry				
https://www.yelu.in/company/928426/seed-art-bank	Seed ART Bank	"H-6, Green Park, Delhi , India View Map Get Directions"		www.seedartbank.com/	Send Enquiry	9555544426			
https://www.yelu.in/company/940280/dr-shivani-sachdev-goursci-ivf-hospital	Dr Shivani Sachdev Gour | SCI IVF Hospital	"S-21, Greater Kailash - I, New Delhi - 110048, India View Map Get Directions"	-4318786	www.drshivanisachdevgour.com	Send Enquiry				
https://www.yelu.in/company/918609/chennai-jayanth-acupuncture-clinic	Chennai Jayanth Acupuncture Clinic	"#33/18, School Street, Janakiraman Colony, Arumbakkam,, Chennai , Tamil Nadu, India View Map Get Directions"	9444060381	chennaiacupuncture.com		7708211515		Send Enquiry	
https://www.yelu.in/company/932992/hegde-fertility	Hegde Fertility	"67/68 , Vittalrao Nagar, Madhapur , R.R.District Hyderabad , Andhra Pradesh, India View Map Get Directions"	9885211266	hegdefertility.com/	Send Enquiry	9885211266			
https://www.yelu.in/company/931266/pearl-womens-hospital	Pearl women's hospital	"1277 Renaissance, 1st Floor (formerly Indira Maternity Home), Jangali Maharaj Road,Next to McDonalds, Deccan Gymkhana, Pune , Maharashtra, India View Map Get Directions"	8888576666	www.pearlwomenshospital.com/	Send Enquiry	8888576666			
https://www.yelu.in/company/918643/diabetes-treatment-in-india	Diabetes Treatment in India	"B-16, Chirag Enclave (Opp. Nehru Place), New Delhi , Haryana, India"	+91 11 49101221	fortiscdoc.com/	Send Enquiry	9811386998			+91 11 49101200
https://www.yelu.in/company/935386/medmonks	MedMonks	"168, Lower Ground Floor, Site 1, New Rajinder Nagar,  Delhi 110060 India, New Delhi"	-49053015	medmonks.com/	Send Enquiry	8510979999			
https://www.yelu.in/company/928105/muthulakshmi-child-care-clinic	MUTHULAKSHMI CHILD CARE CLINIC	"nammakal main road, Kumaramangalam, Tiruchengode , Tamil Nadu, India View Map Get Directions"	9095603444			9095603444			
https://www.yelu.in/company/927412/vascular-interventions	Vascular Interventions	"Patrika Nagar, Opposite Cyber Gateway, Behind Cyber Towers, Lane Next to, Venky's Xpress, HITEC City, Hyderabad , 500081, Andhra Pradesh, India View Map Get Directions"		www.interventionsinradiology.com	Send Enquiry	9989649498			
https://www.yelu.in/company/933203/guru-multispecialty-hospital-madurai	Guru Multispecialty Hospital Madurai	"4 /120-F,  PandikovilRing Road, Airport – Mattuthavani Ring Rd, Madurai , Tamil Nadu, India"	7708072543	www.infertility-center-madurai.com/		8754314930		Send Enquiry	
https://www.yelu.in/company/337132/gauri-maternity-home	Gauri Maternity Home	"R. K. Puram, Rajshthan, Kota , India"	07753 - 3909030						
https://www.yelu.in/company/955613/alfa-kidney-care	Alfa Kidney Care	"707-710, Centrum Heights Opposite IOC petrol pump Between Akhbarnagar circle and Nirnaynagar underpass, Nava Vadaj, Ahmedabad 380013, Gujarat, India View Map Get Directions"	9484993617	alfakidneycare.com/	Send Enquiry	9484993617			
https://www.yelu.in/company/940771/heart-attack-treatment-in-jaipur-dr-rs-rao	Heart Attack Treatment in Jaipur - Dr. R.S Rao	"167 Officers campus extension, Sirsi Road, Jaipur , Rajasthan, India View Map Get Directions"	9660273043	www.drravindersinghrao.com/	Send Enquiry	9660273043			
https://www.yelu.in/company/967082/maa-hospital-hospital	Maa Hospital Hospital	"Bhinmal, fatak, Raniwara, Rajasthan 343040, Jalore , India View Map Get Directions"	+91 9313791358	maahospitalraniwara.com/	Send Enquiry	+91 99242 08202			
https://www.yelu.in/company/607641/circumcision-surgery-clinic	Circumcision Surgery Clinic	"Circumcision Clinik ,at Sun clinic,Shop No.111,Sai Platinum Building,Opp.Jyoti Gas appliances,Near Vijay talkies,Laxmi road,Sadashiv peth 559, Pune , Maharashtra ,India View Map Get Directions"	020-24490020	www.circumcision-clinic.in	Send Enquiry	9850063926 9370275336 9370240098			
https://www.yelu.in/company/928324/ivf-surrogacy-nepal	IVF Surrogacy Nepal	"New Delhi , India View Map Get Directions"		www.ivfsurrogacynepal.com/	Send Enquiry	-9555544330			
https://www.yelu.in/company/608516/mobile-x-ray-services-mumbai	Mobile X-Ray Services Mumbai	"4,Shankar Niwas,Dadasaheb Rege Marg,Opp.Shiv Sena Bhavan, Shivaji Park,Dadar West, Mumbai -400028, Maharashtra, India View Map Get Directions"	24445608	www.portablexrayinmumbai.com	Send Enquiry	9870802844			
https://www.yelu.in/company/932547/best-infertility-clinic-in-new-delhi-fertile-solutions-ivfresearch-cen	Best Infertility Clinic in New Delhi - Fertile Solutions IVF & Research Center	"A-6, Panchwati,Opp. Azad Pur Sabzi Mandi, Near Adarsh Nagar, Metro Station, Pillar No-84, Delhi , India View Map Get Directions"		www.fertility-treatment.in	Send Enquiry	9911917070			
https://www.yelu.in/company/948243/careernu	Careernu	"Sreshta Arcade, Babanagar Road, Nacharam, Hyderabad , Andhra Pradesh, India View Map Get Directions"	040-66916916	www.careernu.com/	Send Enquiry	7799411113			
https://www.yelu.in/company/931999/stgeorge-holistic-health-care-center	St.George Holistic Health Care Center	"4th Main Road, Thambu Chetty Palya Main Road, Hoysalanagar, Ramamurthy Nagar, Bengaluru, Karnataka , Bangalore , India View Map Get Directions"		www.doctorcancer.org	Send Enquiry	8041533215			
https://www.yelu.in/company/942526/dr-rajan-eye-care-hospitallasik-laser-center	Dr. Rajan Eye Care Hospital & Lasik Laser Center	"#324 Hargobind Nagar, Near State Bank of India, Phagwara , Punjab View Map Get Directions"	1824500750	www.drrajaneyecare.com/	Send Enquiry	9.19816E+11			
https://www.yelu.in/company/936178/cocoona-centre-of-aesthetic-transformation	Cocoona Centre of Aesthetic Transformation	"Ground Floor, S 206. Near M Block Market M Block Rd,  Block S, Greater Kailash II, New Delhi , India View Map Get Directions"	011-41611160	www.cocoona.in	Send Enquiry	9910221160			011-41611162
https://www.yelu.in/company/924063/plastic-surgery-in-delhi	Plastic Surgery in Delhi	"Ground Floor, S 206. Near M Block Market Main Road,, New Delhi , Uttar Pradesh, India"	011-41611160	www.cocoonacosmeticsurgery.com	Send Enquiry				011-41611162
https://www.yelu.in/company/947436/spectra-eye-hospital-delhi-india	Spectra Eye Hospital Delhi India	"E-82-A, Greater Kailash-1 South Delhi , India View Map Get Directions"	011-4666 2666	www.spectraeye.in/	Send Enquiry	8130929913			011-4155 5855
https://www.yelu.in/company/930341/asian-eye-hospital	Asian Eye Hospital	"Sakar 10, 3rd floor, Above Fab India, Opposite Jehangir Hospital, Station, road, Pune , Maharashtra View Map Get Directions"	8888942222	www.asianeyehospital.com/	Send Enquiry	8888942222			
https://www.yelu.in/company/941331/drn	Drn	"Dr Nishtha Singh R-3, Sector-6, Vidhyadhar Nagar,, Jaipur , Rajasthan, India View Map Get Directions"	9461685766	drnishthasingh.com/	Send Enquiry	9461685766			
https://www.yelu.in/company/930507/healing-hands-clinic	Healing Hands Clinic	"4th Floor,Millenium Star Extension, Above KFC Restaurant, Adjacent to Ruby Hall Entrance Gate, Dhole Patil Road, Pune , Maharashtra, India View Map Get Directions"	020-26164488	www.healinghandsclinic.co.in/	Send Enquiry	8888288884			
https://www.yelu.in/company/937606/samved-orthopaedic-hospital	Samved Orthopaedic Hospital	"3rd Floor, Near Sopan Flats, On Stadium Circle to Commerce College Six Roads, Navrangpura, Ahmedabad , Gujarat, India View Map Get Directions"	-7926562902	www.samvedortho.in	Send Enquiry	-8980595868			-7926562141
https://www.yelu.in/company/947912/sattvam-ayurveda-clinic	Sattvam Ayurveda Clinic	"204, Samruddhi Complex, Nr. Raspan Cross Road, D-Mart Road, Nikol, Ahmedabad , Gujarat, India View Map Get Directions"	9723243379	www.shattayuayurveda.com/	Send Enquiry	8980266699			
https://www.yelu.in/company/943163/shri-ramchandra-joint-replacement-hospital-guntur	Shri Ramchandra Joint Replacement Hospital Guntur	"Sanakkayala Factory Road, Pachavari Veedi, Kothapet, Guntur , A.P, INDIA 522001, Andhra Pradesh View Map Get Directions"	9030797989	happy-hospitals.com	Send Enquiry	9030797989 919949399396			
https://www.yelu.in/company/949431/shri-gurudev-netra-chikitsalaya	Shri Gurudev Netra Chikitsalaya	"209,Bansiwala Tower,Sapna Sangeeta Road,Agrasen Choraha, (2.56 km) 452001 Indore , Madhya Pradesh, India View Map Get Directions"	9977300012	www.indoreeyecare.com/	Send Enquiry	9977300012			
https://www.yelu.in/company/928359/sir-h-n-reliance-foundation-hospital-and-research-centre	Sir H. N. Reliance Foundation Hospital and Research Centre	"Raja Rammohan Roy Road, Prarthana Samaj, Girgaon, Mumbai , Maharashtra, India View Map Get Directions"	+91 22 61305005	www.rfhospital.org/	Send Enquiry	+91 9769132221			
https://www.yelu.in/company/947246/vgm-ortho-centre-and-hospital-in-coimbatore	VGM Ortho Centre and hospital in coimbatore	"2100/2, Trichy Road,Rajalakshmi Mills Stop, Singanallur, Coimbatore , Tamil Nadu 641005, India View Map Get Directions"	6374774207	www.vgmorthocentre.com/	Send Enquiry	6374774207			
https://www.yelu.in/company/939490/asthmabhawan	AsthmaBhawan	"Asthma Bhawan, R-3, Sector-6, Vidhyadhar Nagar,, Jaipur , Rajasthan, India View Map Get Directions"	9829143882	asthmabhawan.com/	Send Enquiry				
https://www.yelu.in/company/954785/bharti-eye-foundation	Bharti Eye Foundation	"1/3, East Patel Nagar, New Delhi -110008 , India View Map Get Directions"	011-2588-9900	www.bhartieye.com	Send Enquiry				
https://www.yelu.in/company/952138/expert-cancer-homoeo-clinic	Expert Cancer Homoeo Clinic	"504 sunshine, Opp Shastri Nagar, Lokhandwala, Andheri West, SV Patel Nagar, Andheri West, Mumbai , Maharashtra 400053, India View Map Get Directions"	9616385385	cancerhomoeoclinic.co.in/	Send Enquiry				
https://www.yelu.in/company/947630/veeda-clinical-research	Veeda Clinical Research	"Shivalik Plaza-A, Near IIM Ambawadi, Ahmedabad , Gujarat, India View Map Get Directions"	+91 79 3001 3000	www.veedacr.com/	Send Enquiry	7016117824			+91 79 3001 3010
https://www.yelu.in/company/930149/arpan-neurology-center	Arpan Neurology Center	"B-407, Rudra Arcade, Opp Helmet Circle, Near May Flower Hospital, 132 Ft Ring Road, Memnagar, Ahmedabad , Gujarat, India View Map Get Directions"	7927485577	www.arpanneurocare.com/	Send Enquiry	9924865577			
https://www.yelu.in/company/940343/best-ivf-clinic-in-delhi	Best IVF Clinic in Delhi	"A - 41 Major Deepak Tyagi Marg, Chander Nagar, Janakpuri West Metro Station, Janakpuri, New Delhi , Delhi 110058, India View Map Get Directions"	1169413434	www.gaudiumivfcentre.com/	Send Enquiry	8527858585			
https://www.yelu.in/company/939273/jagruti-rehabilitation-centre	Jagruti Rehabilitation Centre	"Jagruti Rehabilitation Center Opp. Krushi Vidyalaya,  Sitai Nagar, Near Kudale Maruti Showroom, Manjari Farm, Pune -Solapur Road, Hadapsar, Pune , Maharashtra, India View Map Get Directions"	91 9371425026	www.jagrutirehab.org/	Send Enquiry	91 9371425026			
https://www.yelu.in/company/952379/kapil-eye-hospital	Kapil Eye Hospital	"240 Vivek Vihar, opposite PWD rest house, civil lines, Ambala City, Haryana, India View Map Get Directions"	0171-2553533	www.kapileyehospital.com	Send Enquiry	-132380			
https://www.yelu.in/company/941462/mahavir-ent-hospital	Mahavir Ent Hospital	"8-A-4, Mahaveer Nagar-III, 324005, Kota , Rajasthan, India View Map Get Directions"	0744-5149010	www.enthospitalkota.com/	Send Enquiry	9580720720			
https://www.yelu.in/company/930543/the-knee-klinik	The Knee Klinik	"Olive Health Center Row House no. 5, Lunkad Gardens Off Datt Mandir, Viman Nagar, Pune , Maharashtra 411013, India View Map Get Directions"	2065000249	www.kneeandjointsurgery.com/	Send Enquiry	9923406258			
https://www.yelu.in/company/942449/zoylo-digihealth-pvt-ltd	Zoylo Digihealth Pvt Ltd	"TITANIUM, Plot No.1-98/8/75-A & 75B, Jubilee Enclave, Madhapur, Hyderabad , Telangana 500081, Andhra Pradesh, India View Map Get Directions"	1800 208 5454	www.zoylo.com	Send Enquiry				
https://www.yelu.in/company/943633/allure-medspa-cosmetic-surgery-center	Allure Medspa - Cosmetic Surgery Center	"201, Shri Krishna Complex, Close to Fun Republic Cinema, New Link Road, Andheri (West) – 400 053, Mumbai , Maharashtra, India View Map Get Directions"	022 - 26732961	www.alluremedspa.in/	Send Enquiry	9869041559			
https://www.yelu.in/company/946456/arham-surgical-hospital	Arham Surgical Hospital	"303-304 Iscon Plaza, Above Planet Yamaha, Opp.Payal Park Society, Between Iscon Park Tower & Steel Showroom, Near Sundarvan, Satellite-ISRO Road, Ahmedabad , Gujarat – 380015, India View Map Get Directions"	7948998877	www.arhamsurgicalhospital.com	Send Enquiry	9824439793			
https://www.yelu.in/company/937468/best-dental-hospital-in-chennai-denteazee	"Best Dental Hospital In Chennai, Denteazee"	"25, Besant Avenue Road, Adyar, Chennai , 600020, Tamil Nadu, India View Map Get Directions"	9500135566	www.denteazeedentalclinic.com/	Send Enquiry	9500135577			
https://www.yelu.in/company/931127/dharma-kidney-care	DHARMA KIDNEY CARE	"NO.909, 47th Cross, Near BSNL Compound, 5th Block, Jayanagar,, Bangalore , Karnataka, India View Map Get Directions"	9880487219	www.dharmakidney.com	Send Enquiry	9880487219			
https://www.yelu.in/company/945915/flowcare-interventionpain-clinic	Flowcare Intervention & Pain Clinic	"K-48/49, Ground Floor, Geetansh Class of Pearl, Income Tax Colony, SL Marg, Tonk Road, Jaipur , 302018, Rajasthan, India View Map Get Directions"	9001908900	flowcare.co.in/	Send Enquiry	9001908900			
https://www.yelu.in/company/951078/jagruti-rehabilitation-centre	Jagruti Rehabilitation Centre	"Near Unamed Road, Adarsh Nagar, Palaspa, Panvel, Kudave, Navi Mumbai , Maharashtra, India View Map Get Directions"	7745880088	www.jagrutirehab.org	Send Enquiry				
https://www.yelu.in/company/948968/low-cost-ivf	Low Cost IVF	"4th Floor , Uma Admiralty, No.1, HDFC Bank, Bannerghatta Road BTM, OLd Gurappanapalya, 1st Stage, BTM Layout, Bengaluru, Karnataka 560029, Bangalore , India View Map Get Directions"	8095030160	www.lowcostivftreatment.com/blogs/ivf-treatment-cost-in-india-bangalore-2019/	Send Enquiry	9739766520			
https://www.yelu.in/company/952815/mythri-hospital	Mythri Hospital	"Opp. Pillar No. 81, PVNR Exp Highway Inner Ring Road, Maruthi Nagar Mehdipatnam, Hyderabad , Telangana 500008., Andhra Pradesh, India View Map Get Directions"	799 799 6030	www.mythrihospital.net/new/	Send Enquiry				
https://www.yelu.in/company/928263/nala-dental-hospital	Nala Dental Hospital	"9B/1 Vallabai Road (Near Vadamalayan Hospital), Chokkikulam, Madurai - 625002, Tamil Nadu, India View Map Get Directions"	+91 452 2525205	www.naladentalhospital.com	Send Enquiry	+91 944 4154551			
https://www.yelu.in/company/941569/rooma-sinha-mddnb-mnamsm	"Rooma Sinha, MD,DNB, MNAMSM"	"Apollo Hospitals 'B' wing Room 23  Road No 72, Opp. Bharatiya Vidya Bhavan School,  Film Nagar, Jubilee Hills, Hyderabad , Andhra Pradesh, India View Map Get Directions"	9550326662	gynecologyhyderabad.com/	Send Enquiry	9550326662			
https://www.yelu.in/company/943575/skin-treatment-india	Skin Treatment India	"201, Shri Krishna Complex, Close to Fun Republic Cinema, New Link Road, Andheri (West) – 400 053, Mumbai , Maharashtra, India View Map Get Directions"	022 - 26732961	www.skintreatment-india.com/	Send Enquiry	9869041559			
https://www.yelu.in/company/946084/v-v-dental-hospital	V V Dental Hospital	"AC-13 (149), Achu Tower, 2nd Avenue, (Opp. Saravana Bhavan),Anna Nagar, Chennai , Tamil Nadu, India View Map Get Directions"	91442628399	www.vvdentalhospital.in				Send Enquiry	+91 – 44 – 5217 1823
https://www.yelu.in/company/944251/astang-ayurveda	Astang Ayurveda	"Mig-43, Phase-1, BDA Colony, Pokhariput, Bhubaneswar , Odisha, India View Map Get Directions"	0674-2352797	www.astangayurveda.com/	Send Enquiry	9437055021			
https://www.yelu.in/company/932482/aum-ent-clinic	AUM ENT Clinic	"CST-516, Near Telli Galli Masjid, Telli Galli, Andheri (E), Mumbai , Maharashtra, India View Map Get Directions"		www.aumentclinic.com	Send Enquiry	9820042234			
https://www.yelu.in/company/941999/jeevan-mithra-fertility-centre	Jeevan Mithra Fertility Centre	"10,Jai Nagar first main Road, Arumbakkam  opp to Koyambedu Bustand, Chennai -600 106  India , Tamil Nadu View Map Get Directions"	9791085541	www.jeevanmithrafertilitycentre.com/	Send Enquiry	9884633282			
https://www.yelu.in/company/951600/joint-replacement-and-trauma-center-in-ahmedabad	Joint Replacement and Trauma Center in Ahmedabad	"Lifeline Hospital Shayona Tilak, New SG Rd, opp. Atman School, B/h Vishwakarma Temple, Chandlodiya, Ahmedabad , Gujarat, India View Map Get Directions"	7948008073	www.traumaandjointreplacement.com	Send Enquiry	9316431010			
https://www.yelu.in/company/942736/liver-transplant-in-india	Liver Transplant in India	"Unit N - 902, Antriksh Forest, Sector 77, Noida , Uttar Pradesh, India View Map Get Directions"	9540200090	www.livertransplantinindia.co.in	Send Enquiry	9.1954E+11			
https://www.yelu.in/company/950259/magnasv-ent-hospital	MagnasV ENT Hospital	"No-18-79, Chaitanyapuri cross roads,Opp.Swagath Ho, Hyderabad , Andhra Pradesh, India View Map Get Directions"	8977700075	www.magnasventhospital.com/	Send Enquiry	8977700075			
https://www.yelu.in/company/931843/remy-hair-international	Remy Hair International	"E-104,Greater Kailash-I Delhi New Delhi , India View Map Get Directions"		remyhairinternational.com/	Send Enquiry	-9818657242			
https://www.yelu.in/company/949703/ruby-hall-clinic-wanowrie	Ruby Hall Clinic Wanowrie	"59/6, Azad Nagar, Wanowarie, Pune , Maharashtra, India View Map Get Directions"	8806736363	wanowrie.rubyhall.com	Send Enquiry				
https://www.yelu.in/company/935347/satyanand-hospital	Satyanand Hospital	"Satyanand Hospital Opp. Konark Pooram, Pune 411 048, Maharashtra , India. View Map Get Directions"	020-26838194	www.satyanandhospital.com/	Send Enquiry	9860388506			26838194
https://www.yelu.in/company/939244/vgm-gastro-care-centre	VGM Gastro Care Centre	"2100, Trichy Road, Rajalakshmi Mills Stop, Singanallur, Coimbatore , Tamil Nadu 641005, India View Map Get Directions"	4222572573	www.vgmgastrocentre.com	Send Enquiry	9944554178			91-422-2572207
https://www.yelu.in/company/931879/agasthya-ayurvedic-medical-centre	Agasthya Ayurvedic Medical Centre	"Ezhupunna South P. O., Alleppey Dist., Kerala , Alappuzha , India View Map Get Directions"	+91 478 256 2152	agasthya-ayurvedic.com	Send Enquiry	+91 94477 22235			
https://www.yelu.in/company/931856/all-smiles-cosmetic-dental-care-clinic	All Smiles Cosmetic Dental Care Clinic	"#64, Shankarmutt Road Opp.  Masti Ranga Mandira, Shankarpuram,  Basavanagudi, Bangalore , Karnataka, India View Map Get Directions"	+91 80 2667 3439	cosmetic-dentistindia.com	Send Enquiry	+91 98450 85230			
https://www.yelu.in/company/952201/aman-diagnostic-centre	Aman Diagnostic Centre	"240-L, near Vardan Hospital, Model Town Rewari , Haryana, India View Map Get Directions"	9654380818	amandiagnostic.in/	Send Enquiry	9896041716			
https://www.yelu.in/company/948875/ayaansh-hospital	Ayaansh Hospital	"#352,CMH Road, Indiranagar, Bengaluru, Karnataka 560038, Bangalore , India View Map Get Directions"	8095030160	www.ayaanshhospital.com	Send Enquiry	9739766520			
https://www.yelu.in/company/944205/care-hospitals-in-hi-tech-city-hyderabad	"CARE Hospitals in Hi-tech city, Hyderabad"	"Old Mumbai Highway Near Cyberabad Police Commissionerate Hyderabad , Andhra Pradesh, India View Map Get Directions"	4033623500	www.carehospitals.com/hitechcity/	Send Enquiry				
https://www.yelu.in/company/950302/disha-eye-hospitals	Disha Eye Hospitals	"88 (63A), Ghoshpara Road, Kolkata - 700120. West Bengal , India. View Map Get Directions"	3325451233	www.dishaeye.org/	Send Enquiry	9433311111			
https://www.yelu.in/company/931909/dr-mushtaqs-skin-clinic-and-cosmetology-centre	Dr. Mushtaq’s Skin Clinic And Cosmetology Centre	"Chammany House Grace Villa Kattakkara Junction Kaloor (PO) , Kochi , Kerala, India View Map Get Directions"	0484-2332606	www.dermatologist-skin-clinic.com	Send Enquiry	9995906390			
https://www.yelu.in/company/955851/dr-prasad-umbarkarbrain-and-spine-specialist	Dr. Prasad Umbarkar | Brain and Spine Specialist	"Dhanvantari Multispecialty Hospital, Tajne Mala New Nagar Road, Sangamner , Maharashtra , India View Map Get Directions"	8669177494	www.drprasadumbarkarneuro.com/	Send Enquiry				
https://www.yelu.in/company/948202/healing-touch-hospital	Healing Touch Hospital	"Sultanpur Chowk, Nr. Dhulkot Barrier, Ambala Chandigarh Expy, Ambala , Haryana 134003, India View Map Get Directions"	+91 8950 022333	www.healingtouchambala.com	Send Enquiry	+91 9034 069444			
https://www.yelu.in/company/932009/ponni-hospitalfertility-centre	Ponni Hospital & Fertility centre	"2/294,PILLAIYAR KOVIL STREET, BANK COLONY BUS STOP, NARAYANAPURAM, MADURAI , Tamil Nadu, India View Map Get Directions"	4522680464	www.ponnitesttubebabycentre.com	Send Enquiry	9443368627			
https://www.yelu.in/company/607882/bengali-and-hindi-translator	Prog Ocean	"mb and mb complex, subhashnagar,Virgonagar Post, Bangalore , Karnataka, India View Map Get Directions"	9.19612E+11	www.progocean.in	Send Enquiry	9.19612E+11			
https://www.yelu.in/company/931416/rao-hospital	Rao Hospital	"No. 120, West Periasamy Road, R. S. Puram, Coimbatore , Tamil Nadu, India View Map Get Directions"	-4049219	www.raohospital.com	Send Enquiry	-9629919100			
https://www.yelu.in/company/944006/shiv-jyoti-eye-hospital	Shiv Jyoti Eye Hospital	"A/63, Shaktidhara Society, Near Dinesh Chember, India Colony Road, Bapunagar, Ahmedabad , Gujarat View Map Get Directions"	7038163097	www.shivjyotieyehospital.com	Send Enquiry	9725823390			
https://www.yelu.in/company/931870/smile-baby-ivf	Smile Baby IVF	"Hennur Main Road, Below Fly over Lingarajapuram Bangalore -84, Karnataka, India View Map Get Directions"	25471264	www.smilebabyivfs.in	Send Enquiry	8025477712			
https://www.yelu.in/company/957870/smile-dental-and-implant-centre	Smile Dental and Implant Centre	"H.No.1-1-308/8, Plot No.8, 1st Floor, K.Rathod Jewellers,Sri Ram Nagar Colony, near Kapra circle, Saket Road, ECIL, Hyderabad , Andhra Pradesh, India View Map Get Directions"	7396529265	smiledentalandimplantcentre.com/	Send Enquiry	7396529265			9490618635
